Company_code,Company_name,ingredient_code,Quantity_per_pack,ingredient_name,Price
1011,サンワ乳研株式会社,A0060004,1・15.00／kg,ﾛﾜｰﾙ（加糖卵黄）,990
1011,サンワ乳研株式会社,A0060006,1・8.00／個,ｻﾜｰｸﾘｰﾑ1L,1702
1011,サンワ乳研株式会社,A0060019,1・1.00／kg,セーヌゼンラン,540
1029,マンドスジャパン株式会社,A0130003,２ｋｇプラスチック・1.00／瓶,カラマタオリーブ種ナシ２ｋｇ,3210
1005,株式会社イワセ・エスタ,A0220008,１ｋｇ・6.00／袋,伊那食品　ル・カンテンウルトラ　１ｋｇ,3700
1005,株式会社イワセ・エスタ,A0220014,７ｋｇ・2.00／缶,ＤＧＦ　トリモリーヌ　７ｋｇ,4880
1005,株式会社イワセ・エスタ,A0220035,５ｋｇ・2.00／袋,ベルコラーデ　ノワールプールアメール　５ｋｇ,18750
1005,株式会社イワセ・エスタ,A0220036,５ｋｇ・2.00／袋,ベルコラーデ　グレンノワールセレクシオン　５ｋｇ,18750
1005,株式会社イワセ・エスタ,A0220041,５００ｇ・12.00／PC,チリ産　ラズベリーホール　５００ｇ,980
1005,株式会社イワセ・エスタ,A0220057,５ｋｇ・2.00／袋,ベルコラーデ　ノワールセレクシオン　ＣＴ　５ｋｇ,15360
1005,株式会社イワセ・エスタ,A0220060,１ｋｇ・5.00／袋,ラ・フルティエール　ブラックベリーホール　１㎏,1420
1005,株式会社イワセ・エスタ,A0220061,１５ｋｇ・1.00／袋,ベルコラーデ　ブランセレクシオンＣＴ　１５ｋｇ,45000
1005,株式会社イワセ・エスタ,A0220062,１５ｋｇ・1.00／袋,ベルコラーデ　ノワールセレクシオンＣＴNEW 15kg,45100
1005,株式会社イワセ・エスタ,A0220063,２５ｋｇ・1.00／缶,秋田屋本店　ミャンマー産はちみつ　２５ｋｇ,15500
1005,株式会社イワセ・エスタ,A0220068,５ｋｇ・2.00／袋,ベルコラーデ　グレンノワールセレクシオンＣＴ　５ｋｇ,14650
1005,株式会社イワセ・エスタ,A0220069,１０ｋｇ・1.00／C/S,アスク　冷凍アップル・スライス　１０ｋｇ,8100
1044,株式会社オザワ食肉センター,A0300076,,ベーコンスライス,1480
1021,株式会社トーホーフードサービス　グループ,A0380015,720ｍｌ・6.00,ポッカ　業務用Ｐレモン１００％Ａ　７２０,810
1021,株式会社トーホーフードサービス　グループ,A0380016,720ML・12.00／本,ポッカ　レモン100％                            720ML,810
1021,株式会社トーホーフードサービス　グループ,A0380046,C/S,日世　ソフトサーブミックス　ロイヤルバニラ　1Ｌ,11208
1021,株式会社トーホーフードサービス　グループ,A0380124,#4・24.00／缶,アディーナライプオリーブスライス＃4,350
1021,株式会社トーホーフードサービス　グループ,A0380129,＃３００・24.00,ＥＢ　スイートコーン　ホール　＃３００,175
1021,株式会社トーホーフードサービス　グループ,A0380137,＃１・6.00,ＥＢ　スイートコーンホール　＃1,1020
1021,株式会社トーホーフードサービス　グループ,A0380151,1L・12.00／本,メグ北海道フレッシュ47　　1L,1333
1021,株式会社トーホーフードサービス　グループ,A0380165,1k・6.00,北海道１００　クリームチーズ　ロイヤルスノー　　1k,1267
1021,株式会社トーホーフードサービス　グループ,A0380180,１ｋｇ・10.00／PC,ＥＢ　ミックスチーズ　ゴーダ＆モッツァレラ　１ｋｇ,1990
1021,株式会社トーホーフードサービス　グループ,A0380192,１L・12.00／本,メグ北海道フレッシュ４７,1333
1021,株式会社トーホーフードサービス　グループ,A0380206,１Ｌ・12.00,メグ　ＬＬ北海道牛乳　１Ｌ,251
1021,株式会社トーホーフードサービス　グループ,A0380207,1L・12.00／本,メグ　メグミルク牛乳　１Ｌ,251
1021,株式会社トーホーフードサービス　グループ,A0380208,1,雪印　脱脂粉乳N                                    25k,21850
1021,株式会社トーホーフードサービス　グループ,A0380223,420g・12.00,ＥＢ　ブラックペッパーあらびき　４２０ｇ,1503
1021,株式会社トーホーフードサービス　グループ,A0380231,PC,TDF　バジル,489
1021,株式会社トーホーフードサービス　グループ,A0380237,100g・10.00,EBオレガノホール袋100g,268
1021,株式会社トーホーフードサービス　グループ,A0380315,１ｋ・10.00,Ｎ　サラダえびグルムキバナメイ　５１／６０　　１ｋ,2720
1021,株式会社トーホーフードサービス　グループ,A0380327,500ｇ・20.00／PC,ＥＢスモークサーモンスライスＮＥＷ　５００ｇ,2672
1021,株式会社トーホーフードサービス　グループ,A0380433,１ｋ・15.00,テーオー　フレンド印生おろしにんにく　１ｋ,999
1021,株式会社トーホーフードサービス　グループ,A0380439,個,TDF　トマト,411
1021,株式会社トーホーフードサービス　グループ,A0380451,1,ＴＤＦ　グリーンカールリーフ　５００ｇ,2222
1021,株式会社トーホーフードサービス　グループ,A0380457,6.00／C/S,QP　EX　タマゴサラダ（マイルド）　1ｋ,948
1021,株式会社トーホーフードサービス　グループ,A0380582,500ｇ・15.00,サンナッツ  レーズン                               500g,690
1021,株式会社トーホーフードサービス　グループ,A0380610,500g・20.00,EBかぼちゃ（北海道産）500g,418
1021,株式会社トーホーフードサービス　グループ,A0380624,500g・20.00,日水　台湾産むきえだ豆　５００ｇ,390
1021,株式会社トーホーフードサービス　グループ,A0380628,600ｇ・10.00,カゴメ　地中海野菜グリルのミックス　　           600g,638
1021,株式会社トーホーフードサービス　グループ,A0380717,700ｇ・10.00／袋,ＱＰ　スノーマン　とろ～りやわらかたまご,790
1021,株式会社トーホーフードサービス　グループ,A0380725,1L・9.00／個,ＱＰオイルソースガーリック＆赤唐辛子,1073
1021,株式会社トーホーフードサービス　グループ,A0380754,＃2・12.00,ハインツ　ミートソース　＃２,896
1021,株式会社トーホーフードサービス　グループ,A0380787,１０ＭＬ／４０・10.00,ＱＰ　シーザーサラダドレッシング　１０ＭＬ／４０,569
1021,株式会社トーホーフードサービス　グループ,A0380793,１Ｌ・9.00,ＥＢ　ドレッシング　シーザー（ＮＥＷ）　１Ｌ,702
1021,株式会社トーホーフードサービス　グループ,A0380813,1k・10.00／本,ＥＢ　マヨネーズ,618
1021,株式会社トーホーフードサービス　グループ,A0380816,1ｋ・10.00,QP  プロユースからし      マヨネーズ               1k,898
1021,株式会社トーホーフードサービス　グループ,A0380826,1K・10.00／袋,伯方の塩　フルール．ド．セル,820
1021,株式会社トーホーフードサービス　グループ,A0380839,１ｋ・20.00,グラニュー糖　１ｋ,319
1021,株式会社トーホーフードサービス　グループ,A0380862,#4・24.00／缶,ギャバンエスカルゴ36入＃4,955
1021,株式会社トーホーフードサービス　グループ,A0380868,１ｋ・6.00／PC,ＥＢ　北海道で育ったポテトサラダ　　１Ｋ,459
1021,株式会社トーホーフードサービス　グループ,A0380903,１Ｋ・6.00／PC,カゴメ　菜園風野菜のカポナータ 1k,1360
1021,株式会社トーホーフードサービス　グループ,A0380979,5ｇ/20・30.00／個,雪印北海道ポーションホイップバター5g/20,435
1021,株式会社トーホーフードサービス　グループ,A0380981,450g・30.00／個,雪印　バター（食塩不使用）Ｆ　　４５０Ｇ,830
1021,株式会社トーホーフードサービス　グループ,A0380983,1,雪印　バターファーメント    食塩不使用（MK）  1.25k/5,12090
1021,株式会社トーホーフードサービス　グループ,A0380985,個,雪印ＦＮバター25,48425
1021,株式会社トーホーフードサービス　グループ,A0380995,220ｇ/5・6.00,ＥＢ　冷凍スパゲッティ　220ｇ/5,486
1021,株式会社トーホーフードサービス　グループ,A0381008,２００ｇ・5.00,ＱＰ　フライドオニオン　２００ｇ,1105
1021,株式会社トーホーフードサービス　グループ,A0381014,1ｋｇ・12.00／PC,QP　凍結全卵　１ｋｇ,722
1021,株式会社トーホーフードサービス　グループ,A0381018,6,QPPP加糖凍結卵黄2k,2633
1021,株式会社トーホーフードサービス　グループ,A0381039,500g・20.00／袋,京果　ムキ枝豆（中国）　５００ｇ,340
1021,株式会社トーホーフードサービス　グループ,A0381042,24,マルハニチロ　ツナフレークＥＯ　１５５ｇ,230
1021,株式会社トーホーフードサービス　グループ,A0381055,８００ｇ・12.00／PC,ヤマダイ　３種きのこブロッコリーのバジルマリネ,1242
1021,株式会社トーホーフードサービス　グループ,A0381061,125ｇ・48.00,チェスコ　イルドフランスカマンベール　１Ｐ,609
1021,株式会社トーホーフードサービス　グループ,A0381071,1ｋ・10.00,ケンコーマヨネーズ　ベイクドスライスポテト,520
1021,株式会社トーホーフードサービス　グループ,A0381076,1,ＴＤＦ　グリーンカール　１個,422
1021,株式会社トーホーフードサービス　グループ,A0381091,1k・12.00,苓北そると　天草の塩                                 1k,1337
1021,株式会社トーホーフードサービス　グループ,A0381114,10,サラダえびむき５１／６０　ＦＮＦ　１ｋ,2720
1021,株式会社トーホーフードサービス　グループ,A0381117,1個・1.00,TDF レモン,167
1021,株式会社トーホーフードサービス　グループ,A0381152,1ｋ・10.00,ポークウインナー　1Ｋ,1080
1021,株式会社トーホーフードサービス　グループ,A0381160,12,カゴメ　ピザソース２号缶　（ＮＥＷ）　８４０ｇ,512
1021,株式会社トーホーフードサービス　グループ,A0381186,500ｇ・20.00／PC,ＥＢミネストローネ　500ｇ,524
1021,株式会社トーホーフードサービス　グループ,A0381190,1L・12.00,おいしい雪印メグミルク牛乳　１Ｌ,251
1021,株式会社トーホーフードサービス　グループ,A0381243,500ｇ・10.00,カゴメ　冷凍１２種野菜のスープ　５００Ｇ,598
1021,株式会社トーホーフードサービス　グループ,A0381247,5000ｸﾞﾗﾑ・10.00／PC,ﾓﾙﾀﾃﾞﾗﾎﾞﾛ-ﾆﾔｽﾗｲｽ 500G,1700
1021,株式会社トーホーフードサービス　グループ,A0381253,1kg・10.00／本,ＥＢ　マヨネーズ（卵黄タイプ）１ｋg,618
1021,株式会社トーホーフードサービス　グループ,A0381269,12,ハインツ　てりやき　１２１０ｇ,1038
1021,株式会社トーホーフードサービス　グループ,A0381270,10,伊藤ハム　グリルチキンむねスライス（プレーン）　１ｋ,1850
1021,株式会社トーホーフードサービス　グループ,A0381278,kg・1.00／kg,TDF　国産むき玉ねぎ（4～6玉）kg,611
1021,株式会社トーホーフードサービス　グループ,A0381279,1ｋ・6.00／PC,ＥＢ　ごろっとたまごとベーコンのマカロニサラダ,835
1021,株式会社トーホーフードサービス　グループ,A0381283,1,デリカフーズ　国産大葉　１０枚入り　１Ｐ,161
1021,株式会社トーホーフードサービス　グループ,A0381294,230ｇ・9.00／個,TMミニカップデザートイチゴミルク,858
1021,株式会社トーホーフードサービス　グループ,A0381302,16,アグリ　北海道産かぼちゃ（スライス）　５００ｇ,526
1021,株式会社トーホーフードサービス　グループ,A0381318,1L・6.00,厨房応援団 照焼ソース     1L,1030
1021,株式会社トーホーフードサービス　グループ,A0381328,100g　＊　お取り寄せ　＊・48.00／個,チェスコ　フランスロックフォールソシエテ100g,1860
1021,株式会社トーホーフードサービス　グループ,A0381333,8,コルノ　シェルマカロニ大　１ｋ,495
1021,株式会社トーホーフードサービス　グループ,A0381341,1,ＴＤＦ　マッシュルーム　１Ｐ,333
1021,株式会社トーホーフードサービス　グループ,A0381350,30,ＡＷ　ハモンセラーノスライスガスパック　２００ｇ,1090
1021,株式会社トーホーフードサービス　グループ,A0381351,500ｇ・20.00,さぶーる　業務用イタリアンソーセージスライス　５００ｇ,887
1021,株式会社トーホーフードサービス　グループ,A0381352,12,メグ　メグミルク牛乳　1L,251
1021,株式会社トーホーフードサービス　グループ,A0381353,1k・10.00／PC,冷凍ベジタブルフリットミスト 1k,1290
1021,株式会社トーホーフードサービス　グループ,A0381354,20,ＥＢ　サルサヴェルデ（グレモラータソース）　２００ｇ,840
1021,株式会社トーホーフードサービス　グループ,A0381355,15,ＡＷ　ワカサギと海老のオレンジエスカベッシュ　１ｋ,2190
1021,株式会社トーホーフードサービス　グループ,A0381364,12,エイワ　ホワイトマシュマロ　１１０ｇ,150
1021,株式会社トーホーフードサービス　グループ,A0381365,12,ＳＯ　ミックスピクルス　９００ｇ,1180
1021,株式会社トーホーフードサービス　グループ,A0381366,500g・12.00,ＥＢオレンジ香るキャロットラぺ　５００ｇ,440
1021,株式会社トーホーフードサービス　グループ,A0381368,2L・4.00／個,バラエティ　チョコチップミント　２Ｌ,1497
1021,株式会社トーホーフードサービス　グループ,A0381375,PC,TDF デリカフーズ　みょうが　　１束,433
1021,株式会社トーホーフードサービス　グループ,A0381376,500ｇ・10.00,西京味噌  白みそ  別撰      （G）                 500g,350
1021,株式会社トーホーフードサービス　グループ,A0381379,1ｋ・10.00,ＥＢ　コーンクリームスープ（２倍濃縮）　1Ｋ,640
1021,株式会社トーホーフードサービス　グループ,A0381405,6,シュアクリスプ　シューストリング１／４インチ　５ＬＢ,1551
1021,株式会社トーホーフードサービス　グループ,A0381444,875g・4.00／袋,ベスト　ＪＧＴブロッシェンソーセージ　３５　８７５ｇ,2000
1021,株式会社トーホーフードサービス　グループ,A0381445,1,雪印　脱脂粉乳　２５ｋ,21350
1021,株式会社トーホーフードサービス　グループ,A0381464,,ＡＷ　ハモンセラーノスライス 100g,545
1021,株式会社トーホーフードサービス　グループ,A0381467,12,Ｆ　ＹＫベーコンスライスリテナー　１ｋ,1650
1021,株式会社トーホーフードサービス　グループ,A0381477,6,ＦＤＦＰｌｕｓごぼうサラダ　１ｋ,890
1021,株式会社トーホーフードサービス　グループ,A0381481,6,ケンコー　パンプキンサラダＵ　１ｋ,1098
1021,株式会社トーホーフードサービス　グループ,A0381489,１ｋ・10.00／PC,ケンコーマヨネ－ズ　ベイクドスライスポテト 1k,520
1021,株式会社トーホーフードサービス　グループ,A0381490,12,チェスコ　コンテ　６ヶ月熟成　１００ｇ,1180
1021,株式会社トーホーフードサービス　グループ,A0381491,５００ｇ・20.00／PC,宮崎県産カットほうれん草IQF,360
1021,株式会社トーホーフードサービス　グループ,A0381497,１ｋｇ・10.00／袋,Ａ ＥＢ　サラダえび　５１／６０　１ｋ,2720
1021,株式会社トーホーフードサービス　グループ,A0381498,20,ＥＢ冷凍アボカドダイス　５００ｇ,650
1021,株式会社トーホーフードサービス　グループ,A0381499,10,アグリハート　グルメ村　国産ほうれん草ＢＱＦ　１ｋ,648
1021,株式会社トーホーフードサービス　グループ,A0381500,500g・12.00／PC,ＥＢ　スイートコーンスープ（粉末）　５００ｇ,980
1021,株式会社トーホーフードサービス　グループ,A0381501,24,ヤマダイ食品　紫キャベツのラぺ　５００ｇ,610
1021,株式会社トーホーフードサービス　グループ,A0381502,,ＡＷ　チョリソスライス　　　　　　　　　１００ｇ,620
1021,株式会社トーホーフードサービス　グループ,A0381503,10,創味食品　創味　カルボナーラソースＬ　１ｋ,734
1021,株式会社トーホーフードサービス　グループ,A0381504,＃2・12.00／個,ＳＯピクルススイートレリッシュ　　　#2,773
1021,株式会社トーホーフードサービス　グループ,A0381505,300ｇ,ＱＰ　ＥＸ　たまごサラダ（マイルド）        300g,284
1024,株式会社ひのー,A0390007,1K×1・1.00,VH ココア 1K,3690
1024,株式会社ひのー,A0390010,5K×1・1.00,VH ココア 5K,18450
1024,株式会社ひのー,A0390027,10L×1・1.00,3－タンネン キリッシュワッサ－ 10L,50300
1024,株式会社ひのー,A0390042,1K×1・1.00,BD ア－モントﾞW ノンハﾟレル 1K,1480
1024,株式会社ひのー,A0390048,13.6K×1・1.00,USA ヒﾟスタチオ 脱皮 W 13.6K,60656
1024,株式会社ひのー,A0390049,1K×1・1.00,USA ヒﾟスタチオ 脱皮 W 1K,4460
1024,株式会社ひのー,A0390070,5K×1・1.00,アルティサﾞル フランフﾟ－トﾞル 5K,5950
1024,株式会社ひのー,A0390078,4,茜丸　こし餡十勝　3K,2140
1024,株式会社ひのー,A0390086,500g×12,ｼﾀﾃﾞｰﾙ ﾒｰﾌﾟﾙｼﾛｯﾌﾟ,1750
1024,株式会社ひのー,A0390091,1K×1・1.00,森永 チッフﾟチョコ ホワイト ハﾞラ,2130
1024,株式会社ひのー,A0390092,10K×1・1.00,森永 チッフﾟチョコ ホワイト 10K,21300
1024,株式会社ひのー,A0390149,＃2・1.00／缶,カコﾞメ トマトヘﾟースト ＃2,970
1024,株式会社ひのー,A0390162,＃1×1・6.00,角田 渋皮マロンAS ＃1,6500
1024,株式会社ひのー,A0390163,＃1×6・6.00,角田 渋皮マロンAS ＃1×6缶 ケース,39000
1024,株式会社ひのー,A0390166,＃2・1.00／缶,ｶｺﾞﾒ ﾄﾏﾄｿｰｽ #2,540
1024,株式会社ひのー,A0390167,＃4×1・1.00,アテﾞィーナ スライスフﾞラックオリ－フﾞ＃4,330
1024,株式会社ひのー,A0390193,＃4・1.00／缶,チヤオコ－ ココナツミルク ＃4,360
1024,株式会社ひのー,A0390201,1kg・12.00／PC,ﾛﾙﾌ ｴﾒﾝﾀｰﾙ ﾀﾞｲｽ ｶｯﾄ ﾁｰｽﾞ,2600
1024,株式会社ひのー,A0390231,420g×1・1.00,G 荒挽フﾞラックヘﾟッハﾟ－ 420g,1640
1024,株式会社ひのー,A0390232,420g・12.00／缶,G 荒挽ﾌﾞﾗｯｸﾍﾟｯﾊﾟｰ 420g,1640
1024,株式会社ひのー,A0390275,80g・12.00／缶,SB ﾊﾟｾﾘﾁｯﾌﾟ L 80g,780
1024,株式会社ひのー,A0390313,1ｋ・1.00／PC,SB ｼﾅﾓﾝ ﾊﾟｳﾀﾞｰ 1k,2410
1024,株式会社ひのー,A0390355,500ｇ・1.00／PC,ﾗ ･ ﾌﾟﾘﾒﾗ ｽﾓｰｸｻｰﾓﾝ 切り落し 500g,2440
1024,株式会社ひのー,A0390364,500ｇ・20.00／PC,ﾊｺﾞﾛﾓ ｼｰﾁｷﾝBE ﾌﾚｰｸ 液切不要 500g,730
1024,株式会社ひのー,A0390406,1ｋ・1.00／PC,ﾆﾝﾍﾞﾝ F ﾗﾀﾄｩｲﾕ 1k,1250
1024,株式会社ひのー,A0390419,1K・6.00／PC,田中 ﾋﾞﾀｰﾁｮｺﾌﾗﾜｰﾍﾟｰｽﾄ 1K,810
1024,株式会社ひのー,A0390425,1ｋ・4.00／C/S,田中 ﾌﾟﾁｰﾙ VB ｶｽﾀｰN　1ｋ,810
1024,株式会社ひのー,A0390435,1K・5.00／PC,ﾆﾝﾍﾞﾝF DFﾗﾀﾄｨﾕ 1K,1240.175439
1024,株式会社ひのー,A0390442,2ｋ・1.00／PC,田中製餡 黒豆 2k,2320
1024,株式会社ひのー,A0390450,1ｋ・1.00／PC,ｶｾｲ さつま甘露煮 1k,1290
1024,株式会社ひのー,A0390458,2K・6.00／缶,ｱｲｺｸ ﾍﾞｰｷﾝｸﾞﾊﾟｳﾀﾞｰ 白 ｱﾙﾐﾆｳﾑﾌﾘｰ 2K,2360
1024,株式会社ひのー,A0390464,20個・1.00／PC,QP とろーりやわらか たまご 35g×20 個,850
1024,株式会社ひのー,A0390472,1ｋ・1.00／PC,ｹﾝｺｰ ﾍﾞｲｸﾄﾞ ｽﾗｲｽﾎﾟﾃﾄ 1k,570
1024,株式会社ひのー,A0390482,820g・1.00／本,JC バジルペースト 820g,2460
1024,株式会社ひのー,A0390496,500g・10.00／PC,ﾘﾊﾞｰ&ｻﾝ ﾌﾗｲﾄﾞｵﾆｵﾝ 500g,970
1024,株式会社ひのー,A0390508,1K・1.00／PC,ﾄﾞﾗｲｸﾗﾝﾍﾞﾘｰ 1K,1010
1024,株式会社ひのー,A0390546,1K×1・1.00,けしの実 1K,1390
1024,株式会社ひのー,A0390552,500g・20.00／PC,ﾄﾛﾋﾟｶﾙﾏﾘｱ IQF ﾐｯｸｽﾍﾞﾘｰ 500g,830
1024,株式会社ひのー,A0390587,1kg・1.00／PC,カゴメ 冷凍カボチャピューレ 1K,1590
1024,株式会社ひのー,A0390592,500g・20.00／PC,東洋水産 冷凍むき枝豆 500g,390
1024,株式会社ひのー,A0390599,600g・10.00／PC,ｶｺﾞﾒ 地中海ｸﾞﾘﾙ野菜ﾐｯｸｽ 600g,740
1024,株式会社ひのー,A0390611,2K・5.00／PC,ﾀｶ 紅はるか蜜着 7.5DF 2K,2270
1024,株式会社ひのー,A0390692,1K・6.00／缶,ｸﾉｰﾙ ﾁｷﾝｺﾝｿﾒ 1K,2200
1024,株式会社ひのー,A0390703,1L・9.00／本,JFDA ｲﾀﾘｱﾝﾄﾞﾚｯｼﾝｸﾞ 1L,670
1024,株式会社ひのー,A0390708,1K・10.00／PC,QP NB ﾏｲﾙﾄﾞﾏﾖﾈｰｽﾞ ﾁｭｰﾌﾞ 1K,690
1024,株式会社ひのー,A0390714,1K×1・1.00,伯方 フル－ルトﾞセル 1K ハﾞラ,855
1024,株式会社ひのー,A0390779,1kg・1.00／PC,神尾 桜の花 1K,2650
1024,株式会社ひのー,A0390783,5L・3.00／本,ﾊﾟﾙﾃィﾆ ﾌﾞﾚﾝﾄﾞｵｲﾙ 5L,3000
1024,株式会社ひのー,A0390802,1.5L・1.00,日清　調合サラダ油1.5L,710
1024,株式会社ひのー,A0390841,1.00／kg,ｱﾒﾘｶ産 ひまわり種,1120
1024,株式会社ひのー,A0390863,25,オリエンタル VFイースト 500g,260
1024,株式会社ひのー,A0390880,720ml・1.00,ホﾟッカ レモン 100％ 720ml,830
1024,株式会社ひのー,A0390899,720ml・6.00／本,ﾎﾟｯｶ ﾚﾓﾝ 100 720ml,830
1024,株式会社ひのー,A0390921,1K・10.00／PC,ロルフ　Dプロセス赤8　1K,1850
1024,株式会社ひのー,A0390950,12.5k・1.00／C/S,ﾄﾙｺ産 ｻﾙﾀﾅﾚｰｽﾞﾝTYPE　8,9530
1024,株式会社ひのー,A0390970,1k・10.00／PC,ｱｽｸ IQF ｽﾄﾛﾍﾞﾘｰ 1K,1000
1024,株式会社ひのー,A0390973,＃1・1.00／缶,ラボンタ ダイストマト ＃1,1120
1024,株式会社ひのー,A0390976,11.34ｋ・1.00／C/S,ﾄﾞﾗｲｸﾗﾝﾍﾞﾘｰ 11.34K,11410
1024,株式会社ひのー,A0390979,500g・20.00／C/S,ｻﾌﾞｰﾙ 北海道産 ｶﾎﾞﾁｬﾀﾞｲｽｶｯﾄ   10mm   500g,390
1024,株式会社ひのー,A0390984,500g・1.00／PC,IQF ほうれん草   500g,355
1024,株式会社ひのー,A0390985,1kg・1.00／PC,南山園 紅茶ﾘｰﾌ ｱｰﾙｸﾞﾚｲ  1kg,5100
1024,株式会社ひのー,A0390988,1.5K・10.00／PC,ｶﾚﾎﾞｰ ﾐﾙｸｶﾚｯﾄ 823NV 1.5K,6050
1024,株式会社ひのー,A0390993,1kg・12.00／PC,ｷｽｺﾌｰｽﾞ ｺｰﾝｸﾘｰﾑｽｰﾌﾟ 1kg,1120
1024,株式会社ひのー,A0390996,1kg・1.00／PC,ｷｽｺ  HCQｸﾚｰﾑﾄﾞｼｬﾝﾋﾟﾆｵﾝﾏｯｼｭﾙｰﾑｽｰﾌﾟ   1kg,1240
1024,株式会社ひのー,A0391004,1k・1.00／PC,ｶｺﾞﾒ 自然解凍で使えるｺﾞﾛｺﾞﾛｶｯﾄ3種,1250
1024,株式会社ひのー,A0391005,570g・1.00／PC,ｶｺﾞﾒ 冷凍ｾﾐﾄﾞﾗｲﾄﾏﾄ 570g,1880
1024,株式会社ひのー,A0391010,12.5k・1.00／C/S,ﾄﾙｺ　G ﾚｰｽﾞﾝ TYPE 9  12.5k,8625
1025,株式会社フードフアッション,A0400002,3.5ｋｇ×8,スイス・エミー　エメンタール　KC,3720
1025,株式会社フードフアッション,A0400020,1ｋｇ・10.00／kg,（Ｆ）エダムパウダー,2285
1025,株式会社フードフアッション,A0400021,1ｋｇ・10.00／kg,8mmダイスゴーダチーズ,1880
1025,株式会社フードフアッション,A0400027,約1KG・10.00／kg,Ｓａｃｈｓｅｎ　モッツァレラ　約１ＫＧ,1550
1025,株式会社フードフアッション,A0400028,1ｋｇ・10.00／C/S,FFミックスチーズ,1340
1030,株式会社ミコヤ香商,A0450001,1kg・1.00／本,バニラ・エキストラクト18,20700
1030,株式会社ミコヤ香商,A0450002,1kg・1.00／本,バニラペースト555 1Kg,8900
1030,株式会社ミコヤ香商,A0450003,５００ｇ・1.00／ヶ,バニラペースト　PE,12700
1030,株式会社ミコヤ香商,A0450023,1kg・1.00／本,レモンペースト　ＧＧ　　　　１ｋｇ,7200
1009,株式会社廣栄商会,A0750001,500g・1.00／本,USイースト,307
1004,石川株式会社,A0890005,25kg・1.00／袋,コーングリッツY NO.4M【名古屋事業所用】,5180
1004,石川株式会社,A0890008,25kg 混載10袋～・1.00／袋,リスドォル,3807
1004,石川株式会社,A0890010,25kg 混載10袋～・1.00／袋,メゾンカイザートラディショナル,4362
1004,石川株式会社,A0890013,２５ｋｇ・1.00／袋,スーパーキング　　２５ｋｇ,5079
1004,石川株式会社,A0890014,２５ｋｇ・1.00／袋,グラハムブレッドフラワー,3795
1004,石川株式会社,A0890015,２５ｋｇ・1.00／袋,セイヴァリー,3890
1004,石川株式会社,A0890018,２５ｋｇ／袋,バイオレット,4443
1004,石川株式会社,A0890021,２５ｋｇ・1.00／袋,コーングリッツＹ　ＮＯ．４,4900
1004,石川株式会社,A0890034,５ｋｇ・1.00／袋,アーレファイン　５ｋｇ,1875
1004,石川株式会社,A0890036,25kg 混載10袋～・1.00／袋,アトム,3535
1004,石川株式会社,A0890048,２５ｋｇ・1.00／袋,コーングリッツＹ　ＮＯ．４ Ｍ（大阪用）,5180
1004,石川株式会社,A0890057,20kg・1.00／袋,ライ麦粉　アーレファイン,5605
1004,石川株式会社,A0890063,500ｇ・1.00／本,イースト　５００ｇ　【Sakuramachi熊本店様専用】,265
1004,石川株式会社,A0890064,500ｇ×25・1.00／C/S,レギュラーイースト　５００ｇ×２５【九州用】,#DIV/0!
1004,石川株式会社,A0890065,,USイースト　５００ｇ【近鉄あべの店様用】　毎週水曜日,275
1004,石川株式会社,A0890066,,ＶＦイースト　５００ｇ【近鉄あべの店様】　　毎週水曜日配送,260
1004,石川株式会社,A0890067,,ＶＦイースト500ｇ×２５,6500
1004,石川株式会社,A0890085,発注はパック単位でお願い致します。,W２９４  アラビキウインナー　４０ｇ,1800
1004,石川株式会社,A0890089,発注は１ｋｇでお願い致します。,W201 あらびきポークウインナー　４０ｇ　【荷姿＝１ｋｇ】,#DIV/0!
1004,石川株式会社,A0890106,２．５ｋｇ・1.00／PC,Ｋ９０９　　ＨＤソーセージ　２．５ｋｇ,#DIV/0!
1004,石川株式会社,A0890120,250ｇ／kg,モルタデラスライス　250ｇ　バラ,615
1004,石川株式会社,A0890123,５００ｇ・1.00／PC,Ｃ２０９　カントリースライス　５００ｇ,1995
1004,石川株式会社,A0890137,1kg　【ＰＣ】で発注をお願い致します。,D203　ベーコンスライス　　１ｋｇ,2320
1004,石川株式会社,A0890143,３００ｇ・1.00／PC,Ｓ３１０　スモークチキンスライス　３００ｇ,750
1004,石川株式会社,A0890149,25ｋｇ・1.00／袋,赤穂塩　食塩【名古屋事業所用】,2275
1004,石川株式会社,A0890150,25ｋｇ・1.00／袋,赤穂塩　食塩,2275
1004,石川株式会社,A0890153,２０ｋｇ・1.00／袋,日新　グラニュー糖　Ｌ　２０㎏　【九州地区限定】,4600
1004,石川株式会社,A0890155,30kg・1.00／kg,グラニュー糖　CIM,6900
1004,石川株式会社,A0890156,,三井製糖　　CZ　中双糖　３０ｋｇ,7950
1004,石川株式会社,A0890157,4ｋｇ×5　混載10袋～・1.00／袋,徳倉　粉糖MGP－S4,6158
1004,石川株式会社,A0890160,30kg 混載10袋～・1.00／袋,東洋グラ　TTGA,6900
1004,石川株式会社,A0890174,袋,アトム　　２５ｋｇ,3498.888889
1004,石川株式会社,A0890179,120g・8.00／C/S,はくばく　もちきび　　120ｇ×8,1928
1004,石川株式会社,A0890182,120g・8.00／C/S,はくばく　雑穀クッキングキヌア　120g,3398
1004,石川株式会社,A0890199,1kg・1.00／PC,大山ハム　Ｗ０７７　あらびきポークウインナー,2190
1004,石川株式会社,A0890200,25／kg,三和　コンスＹ　ＮＯＮＧＭＯ,3175
1004,石川株式会社,A0890207,,筑紫のしずく,5105
1004,石川株式会社,A0890212,300g・1.00／PC,S324　大山どりのしっとり蒸し鶏,432
1004,石川株式会社,A0890214,,大東製糖　素焚糖　20kg,6420
1004,石川株式会社,A0890215,10kg・1.00／袋,日清製粉　セルヴァッジオ　ファリーナ　ジャポネーゼ　10kg袋,2078
1004,石川株式会社,A0890217,25ｋｇ・1.00／袋,ゆめ穂まれ　25ｋｇ,4268.125
1004,石川株式会社,A0890226,25kg・1.00／袋,日清製粉　アミュリア　25kg,6575
1004,石川株式会社,A0890228,25kg・1.00／袋,アミュリア　25kg【名古屋事業所用】,6575
1004,石川株式会社,A0890231,500g・1.00／PC,M238　スパイシーソフトサラミ【名古屋事業所用】,1440
1004,石川株式会社,A0890232,500g・1.00／PC,M238　スパイシーソフトサラミ　500g,1440
1004,石川株式会社,A0890233,1×10／C/S,スイートスノー１ｋｇ×１０,5690
1004,石川株式会社,A0890238,30.00／kg,伊藤忠　グラ　ＣＩＭ　３０㎏,6900
1004,石川株式会社,A0890240,250ｇ／PC,L３９３　モルタデラスライス　250ｇ　名古屋事業所用,615
1004,石川株式会社,A0890243,20㎏・1.00／kg,グラニュー糖　CIM【名古屋事業所用】,4600
1004,石川株式会社,A0890244,,Ｗ294　あらびきウィンナー　800ｇ,1800
1001,池伝株式会社,A0910039,2kg×1袋・0.00／袋,皮むき ヘーゼルナッツ ホール　２ｋｇ,5000
1001,池伝株式会社,A0910042,1kg×10袋×1CS・0.00／袋,カシューナッツ ホール　１ｋｇ,2300
1001,池伝株式会社,A0910046,1kgX1ﾌｸﾛ・0.00／袋,ペカンナッツ　ハーフ　１ｋｇ,2890
1001,池伝株式会社,A0910047,13.6kgX1C/S・0.00／C/S,ペカンナッツ　ハーフ　１３．６ｋｇ,36720
1001,池伝株式会社,A0910094,9ﾌｸﾛX1C/S・0.00／袋,うめはら　セミドライ　バナナカット　１０ｍｍ　６００ｇ,1800
1001,池伝株式会社,A0910096,2kg×1ﾌｸﾛ・0.00／袋,ヘーゼルナッツホール　皮付　２㎏,4600
1001,池伝株式会社,A0910130,1kg×1袋・0.00／袋,アーモンドスライス　１ｋｇ,1750
1001,池伝株式会社,A0910133,6ﾌｸﾛX1C/S・0.00／袋,ＮＫ　ロッシュ　ショコラ　１．５ｋｇ,2900
1001,池伝株式会社,A0910141,12kg×1CS・0.00／kg,ＤＩ　ピスタチオパウダー　１㎏,4386.363636
1001,池伝株式会社,A0910148,4袋×1CS・0.00／袋,Ｎ＆Ｆ　ＦＤ フランボワーズ ブリゼ　５００ｇ,12000
1001,池伝株式会社,A0910152,12ﾎﾝ・0.00／C/S,トラボリ　カフェ　エキス　１Ｌ,8500
1001,池伝株式会社,A0910195,18ﾌｸﾛX1C/S／袋,サフ　ＢＢＪ　５００ｇ,970
1001,池伝株式会社,A0910233,50ｹX1C/S・0.00／個,ドイツ　板ゼラチン　シルバー　５００ｇ,1920
1001,池伝株式会社,A0910279,2kg×5缶×1CS・0.00／缶,向後　ヤマコーソ　水飴　２㎏,990
1001,池伝株式会社,A0910280,1kgX10ﾌｸﾛX１C/S・0.00／袋,MFJ　メープルシュガーパウダー　1kg,3500
1001,池伝株式会社,A0910288,10ﾌｸﾛ×1C/S・0.00／袋,南山園　グリーン抹茶パウダー　１㎏,10400
1001,池伝株式会社,A0910294,10KGX1C/S,日本コロイド　スピナパウダー　1KG,4300
1001,池伝株式会社,A0910332,12缶×1CS・0.00／缶,サバトン　マロンクリーム　1kg（2号缶）,1150
1001,池伝株式会社,A0910351,12kg×1CS・0.00／kg,サンモレ　フレッシュ マスカルポーネ　１ｋｇ,1760
1001,池伝株式会社,A0910355,1kgX12X1C/S・0.00／袋,冷凍　ゴルゴンゾーラ・ピッカンテ　ＩＱＦ　１ｋｇ,4300
1001,池伝株式会社,A0910358,25フクロX1C／S・0.00,ナイキフーズ　グレイン　　マスタード　MK様用,490
1001,池伝株式会社,A0910398,48ケX1C/S・0.00,タカサワ　ダブルタイガーコーンスターチ　400ｇ,195
1001,池伝株式会社,A0910401,20ケX1C／S・0.00／ヶ,マイスター　ミックスクヌスパー500g,1300
1001,池伝株式会社,A0910402,5kgX1C/S・0.00／kg,ＤＩ　コーンスターチ　５ｋｇ,1650
1001,池伝株式会社,A0910416,1kg×10袋×1CS・0.00／袋,ラ･メゾン･ドゥ･ラ･プラリーヌ　プラリネロゼ コンカッセ　１㎏ 【取寄品】,4500
1001,池伝株式会社,A0910425,10袋×1CS・0.00／袋,プレミアム　皮付ヘーゼルナッツパウダー　１㎏,2300
1001,池伝株式会社,A0910436,50g・0.00,紅不二　二酸化チタン　５０ｇ,1650
1001,池伝株式会社,A0910469,6袋×1CS・0.00／袋,Ｔ＆Ｃ　アグラージュ　ショコラ　１ｋｇ,1980
1001,池伝株式会社,A0910486,2kg×6袋×1CS・0.00／袋,ＤＩ　皮付 アーモンド キザミ ２ｍｍ　2kg,3700
1001,池伝株式会社,A0910488,6袋×1CS・0.00／袋,ＤＩ　アーモンドパウダー　２㎏,2950
1001,池伝株式会社,A0910500,9ﾌｸﾛX1C/S・0.00／袋,うめはら　セミドライ　バナナカット　１０ｍｍ　６００ｇ（取寄せ）,1800
1001,池伝株式会社,A0910521,20ﾌｸﾛX1C/S・0.00／袋,ＷＦ　冷凍　ＩＱＦ　カシスホール　５００ｇ,820
1001,池伝株式会社,A0910554,10kgX1C/S・0.00／C/S,デルタ　ドライ白いちじく　ダイス　国内選別　ＭＫ様　１０ｋｇ,19300
1001,池伝株式会社,A0910558,0.00／袋,いのすや　柚子ピール糖上げ５㎏　メゾンカイザー様,6800
1001,池伝株式会社,A0910575,1kg×6ヶ×1CS・0.00／ヶ,ボワロン　冷凍　シトロンジョンヌ（レモン）ピューレ　無糖　１㎏,1550
1001,池伝株式会社,A0910579,10ﾌｸﾛX1C/S・0.00／袋,ＭＤＬＰ　プラリネロゼ　　パウダー　１ｋｇ　取寄品,3200
1001,池伝株式会社,A0910594,2ﾌｸﾛX1C/S・0.00,サフ　ＢＢＪ　５㎏　ＭＫ様,8520
1001,池伝株式会社,A0910606,12ﾎﾝX1C/S・0.00,TPグリーンオリーブ　340ｇ,290
1001,池伝株式会社,A0910619,13.6kgX1C/S・0.00／C/S,ＵＳクルミナゲット（ＬＭＰ）ＭＫ　１３．６ｋｇ,21760
1001,池伝株式会社,A0910620,6ﾌｸﾛX1C/S／袋,田中　アンパック　白餡　２ｋｇ,#DIV/0!
1001,池伝株式会社,A0910625,6袋×1CS・0.00／袋,森永商事　アンジュ クレール　1.8kg,1670
1001,池伝株式会社,A0910644,500g×24袋×1CS／袋,南山園　グリーン抹茶パウダー　５００ｇ,5200
1001,池伝株式会社,A0910645,12ﾌｸﾛX1C/S・0.00／C/S,ナリヅカ　パールシュガー　Ｃ３０　　１㎏,1010
1001,池伝株式会社,A0910651,10ﾌｸﾛ×1C/S・0.00／袋,スペンタス　デーツダイス　５ｍｍカット　１ｋｇ,1650
1001,池伝株式会社,A0910655,4袋×1CS・0.00／袋,茜丸　粒餡　３㎏,1970
1001,池伝株式会社,A0910659,12kgX1C/S・0.00／kg,キリークリームチーズ　１ｋｇ,2090
1001,池伝株式会社,A0910680,12ﾌｸﾛX1C/S／袋,ロルフ　Ｄオランダエメンタール１０　１ｋｇ,3350
1001,池伝株式会社,A0910685,500g×10×1C/S・0.00,デルタ　キャラメルアーモンドクラッシュ５００ｇ,1320
1001,池伝株式会社,A0910686,20ヶ×１C/S・0.00／ヶ,理研　Ｓ－９８４　大学芋用たれ　５００ｇ,480
1001,池伝株式会社,A0910700,6kg×１C/S・0.00／C/S,アンドロス　ベイクＴフィリング　ラズベリー１ｋｇ,#DIV/0!
1001,池伝株式会社,A0910709,6ﾌｸﾛX1C/S・0.00,ＮＫ　ルセーラ　ストロベリー　１．５ｋｇ　取寄,2900
1001,池伝株式会社,A0910718,6kg×1C/S・0.00／kg,グランベル　冷凍　フランボワーズ ピューレ　１㎏,2380
1001,池伝株式会社,A0910732,6ﾌｸﾛX1C/S・0.00／袋,ＮＫ　キャラメルカスタード　１ｋｇ,1150
1001,池伝株式会社,A0910738,20袋×1CS／袋,カップ印　スペシャルシュガー　１ｋｇ　（白ざら糖）,320
1001,池伝株式会社,A0910744,12本×1CS・0.00／本,北乳　コンデンスミルク　チューブ入　1kg,860
1001,池伝株式会社,A0910753,6ﾎﾝX1C/S・0.00／本,合同　ワインスタイル赤　　１．８Ｌ　パック入り,930
1001,池伝株式会社,A0910762,６B×１C/S・0.00／ボール,ヴァローナバトンショコラ５．３ｇメゾンカイザー様,4480
1001,池伝株式会社,A0910787,12ﾌｸﾛ×１C/S・0.00／C/S,ソントン　アレンジソース　チリメキシカンソース500g,420
1001,池伝株式会社,A0910788,5袋×1CS・0.00／袋,ＤＩ　粉糖　４㎏,1370
1001,池伝株式会社,A0910796,25袋×１C/S・0.00／袋,ナイキフーズ　ディジョンマスタードＮ　５００ｇ,480
1001,池伝株式会社,A0910836,12ﾎﾝX1／C/S,プレジデント　　　スプレーホイップ　２５０ｇ,7200
1001,池伝株式会社,A0910839,10ﾌｸﾛX1C/S・0.00／袋,タカ　フランボワーズ　Ｌ４５０ＳＰ,2000
1001,池伝株式会社,A0910841,3ｹ×1C/S／ヶ,T&C パータグラッセ　ルッシュ ２Kｇ,4200
1001,池伝株式会社,A0910842,2kg×3ヶ×1CS・0.00／ヶ,Ｔ＆Ｃ　パータグラッセ リュクブラン　２㎏,3600
1001,池伝株式会社,A0910869,１２ﾌｸﾛ×１C/S・0.00／袋,ベギャンセ　カソナッド　７５０ｇ,850
1001,池伝株式会社,A0910871,5kg×２フクロ・0.00／袋,平沢　別注　小倉あん５５　５ｋｇ　ＭＫ様,2900
1001,池伝株式会社,A0910873,0.00／本,ポートロイヤルレッドラム　４０°ＬＱＲ　１．８Ｌ,2830
1001,池伝株式会社,A0910874,1L×12本×１C/S・0.00／本,ピエドラ・デル・ソルＥＸＶオリーブオイル　ＭＫ様,1130
1001,池伝株式会社,A0910876,200g・0.00／袋,金久　ミニミンツ　ＴＳ－００１　２００ｇ　　取寄,550
1001,池伝株式会社,A0910880,,不二製油ガナッシュアミュゼＬＴ５㎏＃００５６４９,15600
1022,中沢乳業株式会社,A0960003,700ml／個,Ｎａｋａｚａｗａ　冷凍ホイップ　700ml,448
1022,中沢乳業株式会社,A0960009,1000ml,フレッシュクリーム３８％　1000ml,1316
1022,中沢乳業株式会社,A0960027,1kg・1.00／個,フロマージュブラン　1kg,1680
1022,中沢乳業株式会社,A0960036,1kg・1.00／個,ニュージーランド（ＮＺ）　クリームチーズ　1ｋｇ,1448
1022,中沢乳業株式会社,A0960038,1000ｍｌ・1.00／本,中沢　プレーンヨーグルト　1000ｍｌ,538
1022,中沢乳業株式会社,A0960044,1000ｍｌ・1.00／本,Ｍｉｌｋ（ミルク）　無調整牛乳　1000ml,223
1022,中沢乳業株式会社,A0960048,10kg・1.00／本,ＳＥＩＲＡＫＵ　ＭＩＬＫ　（セイラクミルク）　10kg,2230
1022,中沢乳業株式会社,A0960050,1000ml,サワークリーム　1000ml,1702
1022,中沢乳業株式会社,A0960052,1kg・1.00／本,ヴィエンヌ　（殺菌凍結卵白）　1kg,415
1022,中沢乳業株式会社,A0960053,1kg・1.00／本,セーヌ　（殺菌全卵液卵）　1kg,540
1022,中沢乳業株式会社,A0960056,1kg・1.00／本,ロワール　（殺菌凍結２０％加糖卵黄）　1kg,990
1022,中沢乳業株式会社,A0960057,1000ml・1.00／本,マルサンアイ　豆乳　調整　1000ml,264
1022,中沢乳業株式会社,A0960065,約1kg　（不定貫）・1.00／個,エメンタール　スライス　１．８ｍｍ　約１ｋｇ,14281
1022,中沢乳業株式会社,A0960066,1000ml,グットホイップＭＦ２４　1000ml,921
,ブーランジェリーエリックカイザージャポン,ORJ0001,Kg,ルヴァン,100
,水,W1,Kg,水,0
